Workbook

Sheet Read Me
A1: Contoso Site Requests — Phase 1 — Acceptance Criteria
A3: Document control
A4: Client | B4: Contoso (fictional)
A5: Project code | B5: CON
A6: Document version | B6: 1.0
A7: Prepared by | B7: Claude Code (/acceptance-criteria), reviewed by BA
A8: Prepared on | B8: 2026-10-20
A9: Approved by (PO) | B9: Product Owner (name)
A10: Approved on | B10: 2026-10-22
A11: Format version | B11: 1.1
A13: Sheets
A14: Acceptance Criteria | B14: One row per feature. 'Acceptance Checks' is a numbered list — each check is one observable, testable outcome. Test cases cite a check by its number.
A15: Delivery Standards | B15: Acies delivery standards (accessibility, permissions, loading/empty/error states). They apply to every criterion. They are how Acies builds, not scope to negotiate, and are not repeated in each row. Test cases cite them like criteria.
A16: Questions | B16: Open questions for the PO, with the IDs used in 'Open Questions' and in PROJECT.md. 'Current baseline' is what gets built if a question stays unanswered. Answer in 'Answer · date' and set Status to Answered.
A17: Client Inputs | B17: Content and decisions the client must supply (links, logos, mappings). A row stays 'Awaiting' until it arrives; tests that depend on it are 'Blocked', not 'Fail'.
A18: Test Cases | B18: One row per test case. Feature and Power Apps Component are looked up from the AC ID — '⚠ Unknown AC ID' means the ID is wrong. A re-test updates Iteration and Status in place, and the earlier result moves to Comments ('It1: Fail — BUG-014. It2: Pass').
A19: Summary | B19: Calculated. Do not type into it.
A20: References | B20: Where the source artefacts live. Never put credentials or passwords here — link to where they are held instead.
A22: Rules
A23: Working copy | B23: This file is the one working copy. Edit it in Excel and keep its sheets, columns and drop-downs; don't regenerate it with another tool or keep a second copy. The delivery team compares versions with 'ac_workbook.py diff'.
A24: IDs | B24: AC-<PROJECT>-NN: the project code, then one running number for the whole project, from 01 (AC-CON-01, AC-CON-02, …). Test cases are TC-<AREA>-NNN, AREA being a 2–6 letter code for the screen or module (NAV, HOME), and cite the AC ID. IDs are permanent: never renumber, never reuse, never delete a row. A criterion taken out of scope keeps its row with Status 'Out of Scope'.
A25: Source | B25: Every criterion names where it came from: a BRD row, a transcript timestamp, a design file. 'ASSUMPTION' means nobody said it — it must have an Open Question, and the PO must confirm it before approval. Once the PO decides, the Source says 'PO decision YYYY-MM-DD (Q-nn)' instead.
A26: Status | B26: Candidate (only the BRD mentions it; not in the baseline unless the PO promotes it) · Draft → In Review → Approved · Changed (altered after approval) · On Hold (agreed for later) · Out of Scope (dropped; the row stays). Only Approved and Changed rows are built. Every change after review adds a line to 'Alterations': YYYY-MM-DD · who · what.
A27: Type | B27: UI, Functional, Data, Integration, Security, Accessibility, Performance, Content
A28: Priority | B28: Must, Should, Could, Won't (MoSCoW).
A29: Test types | B29: Positive, Negative, Edge, Boundary, Stress, Accessibility, UI
A30: Test status | B30: Not Run, Pass, Fail, Blocked
A32: Generated by | B32: tools/ac_workbook.py — see docs/standards/acceptance-criteria-standard.md in the project repository.

Sheet Acceptance Criteria
A1: AC ID | B1: Screen Section | C1: User Role | D1: Feature | E1: Description | F1: Acceptance Checks | G1: Power Apps Component | H1: Data (Lists & Fields) | I1: Type | J1: Priority | K1: Source | L1: Client Input Needed | M1: Open Questions | N1: Status | O1: Alterations (dated)
A2: AC-CON-01 | B2: Home screen — header | C2: All Users | D2: App header | E2: Every screen opens with a header bar carrying the app's name, so users always know which app they are in. | F2: 1. The header shows the app's name, "Site Requests", in the brand colour band at the top of the screen. 2. A screen reader announces the app's name as the screen's first heading. 3. The header spans the full width of the screen at every supported width. | G2: StarterApp: scrHome | H2: None | I2: UI | J2: Must | K2: BRD: Screens!R3; Design: home-v2.png header | N2: Approved
A3: AC-CON-02 | B3: Home screen — welcome | C3: All Users | D3: Personal welcome | E3: The home screen greets the signed-in user by name and offers the main action. | F3: 1. Below the header, the screen shows "Welcome, <the user's full name>" using the signed-in account. 2. A primary button below the welcome shows a short success message when selected (Phase 1 placeholder for "New request", per Q-01). | G3: StarterApp: scrHome | H3: None | I3: UI | J3: Should | K3: Transcript 00:03:10; Design: home-v2.png; PO decision 2026-10-22 (Q-01) | N3: Approved | O3: 2026-10-22 · Contoso PO · Q-01 answered: Phase 1 keeps the button as a placeholder; it opens New request once AC-CON-03 is built.
A4: AC-CON-03 | B4: New request screen | C4: Requester (any employee) | D4: Submit a site request | E4: An employee asks for a new SharePoint site by filling in a short form. | F4: 1. The form asks for: site name (required), site type (Team / Communication, required) and business justification (required, multi-line). 2. Submitting with a required field empty keeps the user on the form and names each missing field next to it. 3. On success the request is saved with status "Submitted" and the user sees a confirmation with the request's number. 4. The requester's name and email are taken from their sign-in; they cannot type them. | G4: SiteRequests: scrNewRequest | H4: CON_SiteRequest: Title, SiteType, BusinessJustification, RequestStatus, RequesterEmail, RequesterName | I4: Functional | J4: Must | K4: BRD: Requests!R4-R7; Transcript 00:05:42; Design: new-request-v2.png | N4: Approved
A5: AC-CON-04 | B5: My requests screen | C5: Requester (any employee) | D5: My requests | E5: A requester sees the requests they have submitted and where each one stands. | F5: 1. The screen lists only the signed-in user's requests, newest first. 2. Each row shows the site name, the date submitted and the status. 3. With no requests, the screen says so and offers "New request". | G5: SiteRequests: scrMyRequests | H5: CON_SiteRequest: Title, RequestStatus, RequesterEmail, Created | I5: Functional | J5: Must | K5: BRD: Requests!R9; Design: my-requests-v2.png | N5: Approved
A6: AC-CON-05 | B6: Approvals screen | C6: Site approver | D6: Approve or reject a request | E6: An approver works through submitted requests and approves or rejects each with a reason. | F6: 1. The screen lists requests with status "Submitted", oldest first. 2. Approving sets the status to "Approved"; rejecting requires a reason and sets "Rejected". 3. Only members of the approvers group can change a request's status; for anyone else the save is refused by the list (STD-PERM). 4. Who the approvers are is maintained by Contoso IT in the approvers SharePoint group; no admin screen is built. | G6: SiteRequests: scrApprovals | H6: CON_SiteRequest: RequestStatus, DecisionReason, DecidedBy, DecidedOn | I6: Functional | J6: Must | K6: BRD: Approvals!R3-R5; Transcript 00:11:20 | L6: IN-02 | N6: Approved
A7: AC-CON-06 | B7: Background — email notification | C7: Support team | D7: New request notification | E7: The support mailbox is told by email whenever a new request arrives. | F7: 1. Within 5 minutes of a request being created, an email goes to the support address held in the app's settings. 2. The email's subject carries the request's title and its body links to the item. 3. Changing the support address needs no change to the app or flow (an environment variable). | G7: Flow: Sample - Notify on new item | H7: CON_SiteRequest: Title | I7: Integration | J7: Should | K7: Transcript 00:14:05 ("support should get an email, within a few minutes is fine") | L7: IN-01 | N7: Approved
A8: AC-CON-07 | B8: New request screen | C8: Requester (any employee) | D8: Attach supporting documents | E8: The BRD lists attachments on a request. Neither the design nor the walkthrough shows them. | F8: 1. Promote into scope, or leave out? Baseline: not built. | G8: SiteRequests: scrNewRequest | H8: None | I8: Functional | J8: Could | K8: BRD: Requests!R8 | M8: Q-02 | N8: Candidate

Sheet Delivery Standards
A1: Standard ID | B1: Standard | C1: Applies to | D1: Checks | E1: Basis
A2: STD-A11Y | B2: Accessibility (WCAG 2.1 AA) | C2: All | D2: 1. Every interactive control is reachable and operable by keyboard alone, in reading order, with a visible focus indicator. 2. Every interactive control has an accessible name: its text, or AccessibleLabel where the control has one (icons, inputs, galleries). 3. Text meets 4.5:1 contrast (3:1 for large text and control boundaries) against its background. 4. Each screen's title is a heading (Role: Heading1); images have meaningful alternative text or are marked decorative. 5. Errors and confirmations are announced to screen readers, never shown by colour alone. | E2: Acies default D9. Not negotiable scope: the PO signs the criteria, not this.
A3: STD-STATES | B3: Loading, empty, error and no-permission states | C3: Every screen that shows list data | D3: 1. While data loads, the screen shows a loading indicator in the area that will hold it. 2. With no data, the screen says what is missing and offers the next step if there is one. 3. If loading or saving fails, the user sees what failed in plain words and can try again; nothing fails silently. 4. If the user has no access to the data, the screen says so plainly. | E3: Acies design standard §5.
A4: STD-PERM | B4: Permissions by list permissions | C4: Every list | D4: 1. What a user can read or change is decided by the SharePoint list's permissions, not by which buttons the app shows. 2. A user without edit rights who reaches a save action gets a refusal from SharePoint, which the app reports as "You don't have access". | E4: Acies default D6.

Sheet Questions
A1: Q ID | B1: AC IDs | C1: Area | D1: Question | E1: Why it matters | F1: Current baseline (built if unanswered) | G1: Owner | H1: Status | I1: Answer · date
A2: Q-01 | B2: AC-CON-02 | C2: Home | D2: Should the home screen's main button open the new-request form directly, or a choice of actions? | E2: A choice of actions needs another screen and its design. | F2: Opens the new-request form (AC-CON-03). | G2: Contoso PO | H2: Answered | I2: Phase 1 placeholder; opens New request once AC-CON-03 is built · 2026-10-22
A3: Q-02 | B3: AC-CON-07 | C3: New request | D3: The BRD lists attachments on a request; the design and walkthrough don't. In scope for Phase 1? | E3: Attachments change the form, the list and the approval screen. | F3: Not built. | G3: Contoso PO | H3: Open

Sheet Client Inputs
A1: Input ID | B1: AC ID | C1: Item | D1: Value / Link | E1: Provided By | F1: Status | G1: Notes
A2: IN-01 | B2: AC-CON-06 | C2: Support mailbox address (per environment) | E2: Contoso IT | F2: Awaiting | G2: Goes into deployment/settings.<env>.json, not the app.
A3: IN-02 | B3: AC-CON-05 | C3: Name of the SharePoint group holding site approvers | E3: Contoso IT | F3: Awaiting

Sheet Test Cases
A1: TC ID | B1: AC ID | C1: Check # | D1: Feature | E1: Power Apps Component | F1: Test Scenario | G1: Type | H1: Preconditions | I1: Steps | J1: Expected Result | K1: Iteration | L1: Status | M1: Comments | N1: Bug Ref
A2: TC-HOME-001 | B2: AC-CON-01 | C2: 1 | D2: =IF(B2="","",IFERROR(INDEX('Acceptance Criteria'!$D:$D,MATCH(B2,'Acceptance Criteria'!$A:$A,0)),IFERROR(INDEX('Delivery Standards'!$B:$B,MATCH(B2,'Delivery Standards'!$A:$A,0)),"⚠ Unknown AC ID"))) | E2: =IF(B2="","",IFERROR(INDEX('Acceptance Criteria'!$G:$G,MATCH(B2,'Acceptance Criteria'!$A:$A,0)),IFERROR(INDEX('Delivery Standards'!$C:$C,MATCH(B2,'Delivery Standards'!$A:$A,0)),"⚠ Unknown AC ID"))) | F2: The header shows the app's name | G2: Positive | H2: The app is published and shared with the tester. | I2: 1. Open the app. 2. Look at the top of the home screen. | J2: A brand-coloured band across the top shows "Site Requests". | K2: 1 | L2: Not Run
A3: TC-HOME-002 | B3: AC-CON-02 | C3: 1 | D3: =IF(B3="","",IFERROR(INDEX('Acceptance Criteria'!$D:$D,MATCH(B3,'Acceptance Criteria'!$A:$A,0)),IFERROR(INDEX('Delivery Standards'!$B:$B,MATCH(B3,'Delivery Standards'!$A:$A,0)),"⚠ Unknown AC ID"))) | E3: =IF(B3="","",IFERROR(INDEX('Acceptance Criteria'!$G:$G,MATCH(B3,'Acceptance Criteria'!$A:$A,0)),IFERROR(INDEX('Delivery Standards'!$C:$C,MATCH(B3,'Delivery Standards'!$A:$A,0)),"⚠ Unknown AC ID"))) | F3: The welcome uses the signed-in user's name | G3: Positive | H3: Tester signed in as a user whose full name is known. | I3: 1. Open the app. 2. Read the line below the header. | J3: It reads "Welcome, <tester's full name>". | K3: 1 | L3: Not Run
A4: TC-REQ-001 | B4: AC-CON-03 | C4: 2 | D4: =IF(B4="","",IFERROR(INDEX('Acceptance Criteria'!$D:$D,MATCH(B4,'Acceptance Criteria'!$A:$A,0)),IFERROR(INDEX('Delivery Standards'!$B:$B,MATCH(B4,'Delivery Standards'!$A:$A,0)),"⚠ Unknown AC ID"))) | E4: =IF(B4="","",IFERROR(INDEX('Acceptance Criteria'!$G:$G,MATCH(B4,'Acceptance Criteria'!$A:$A,0)),IFERROR(INDEX('Delivery Standards'!$C:$C,MATCH(B4,'Delivery Standards'!$A:$A,0)),"⚠ Unknown AC ID"))) | F4: Submitting with the justification empty is refused | G4: Negative | H4: Tester can open the new-request screen. | I4: 1. Open New request. 2. Enter a site name and choose a site type. 3. Leave the justification empty. 4. Select Submit. | J4: The form stays open and says the business justification is required, next to that field. No request is created. | K4: 1 | L4: Not Run
A5: TC-NOTIFY-001 | B5: AC-CON-06 | C5: 1 | D5: =IF(B5="","",IFERROR(INDEX('Acceptance Criteria'!$D:$D,MATCH(B5,'Acceptance Criteria'!$A:$A,0)),IFERROR(INDEX('Delivery Standards'!$B:$B,MATCH(B5,'Delivery Standards'!$A:$A,0)),"⚠ Unknown AC ID"))) | E5: =IF(B5="","",IFERROR(INDEX('Acceptance Criteria'!$G:$G,MATCH(B5,'Acceptance Criteria'!$A:$A,0)),IFERROR(INDEX('Delivery Standards'!$C:$C,MATCH(B5,'Delivery Standards'!$A:$A,0)),"⚠ Unknown AC ID"))) | F5: A new request emails the support mailbox | G5: Positive | H5: The flow is on; the support address variable holds a mailbox the tester can read (IN-01). | I5: 1. Submit a new request titled "TC-NOTIFY-001". 2. Wait up to 5 minutes. 3. Check the support mailbox. | J5: An email with "TC-NOTIFY-001" in the subject has arrived, linking to the new item. | K5: 1 | L5: Not Run | M5: Blocked until IN-01 is received.
A6: TC-A11Y-001 | B6: STD-A11Y | C6: 1 | D6: =IF(B6="","",IFERROR(INDEX('Acceptance Criteria'!$D:$D,MATCH(B6,'Acceptance Criteria'!$A:$A,0)),IFERROR(INDEX('Delivery Standards'!$B:$B,MATCH(B6,'Delivery Standards'!$A:$A,0)),"⚠ Unknown AC ID"))) | E6: =IF(B6="","",IFERROR(INDEX('Acceptance Criteria'!$G:$G,MATCH(B6,'Acceptance Criteria'!$A:$A,0)),IFERROR(INDEX('Delivery Standards'!$C:$C,MATCH(B6,'Delivery Standards'!$A:$A,0)),"⚠ Unknown AC ID"))) | F6: Keyboard-only pass of the home screen | G6: Accessibility | I6: 1. Open the app. 2. Using Tab, Shift+Tab, Enter and Space only, operate every control on the home screen. | J6: Every control is reachable in reading order with a visible focus indicator; nothing traps focus. | K6: 1 | L6: Not Run

Sheet Summary
A1: Test execution by component (latest result of each test case)
A3: Power Apps Component | B3: Test Cases | C3: Executed | D3: Passed | E3: Failed | F3: Blocked | G3: Not Run | H3: Pass Rate
A4: StarterApp: scrHome | B4: =COUNTIF('Test Cases'!$E:$E,A4) | C4: =B4-G4 | D4: =COUNTIFS('Test Cases'!$E:$E,A4,'Test Cases'!$L:$L,"Pass") | E4: =COUNTIFS('Test Cases'!$E:$E,A4,'Test Cases'!$L:$L,"Fail") | F4: =COUNTIFS('Test Cases'!$E:$E,A4,'Test Cases'!$L:$L,"Blocked") | G4: =COUNTIFS('Test Cases'!$E:$E,A4,'Test Cases'!$L:$L,"Not Run") | H4: =IF(C4=0,"",D4/C4)
A5: SiteRequests: scrNewRequest | B5: =COUNTIF('Test Cases'!$E:$E,A5) | C5: =B5-G5 | D5: =COUNTIFS('Test Cases'!$E:$E,A5,'Test Cases'!$L:$L,"Pass") | E5: =COUNTIFS('Test Cases'!$E:$E,A5,'Test Cases'!$L:$L,"Fail") | F5: =COUNTIFS('Test Cases'!$E:$E,A5,'Test Cases'!$L:$L,"Blocked") | G5: =COUNTIFS('Test Cases'!$E:$E,A5,'Test Cases'!$L:$L,"Not Run") | H5: =IF(C5=0,"",D5/C5)
A6: SiteRequests: scrMyRequests | B6: =COUNTIF('Test Cases'!$E:$E,A6) | C6: =B6-G6 | D6: =COUNTIFS('Test Cases'!$E:$E,A6,'Test Cases'!$L:$L,"Pass") | E6: =COUNTIFS('Test Cases'!$E:$E,A6,'Test Cases'!$L:$L,"Fail") | F6: =COUNTIFS('Test Cases'!$E:$E,A6,'Test Cases'!$L:$L,"Blocked") | G6: =COUNTIFS('Test Cases'!$E:$E,A6,'Test Cases'!$L:$L,"Not Run") | H6: =IF(C6=0,"",D6/C6)
A7: SiteRequests: scrApprovals | B7: =COUNTIF('Test Cases'!$E:$E,A7) | C7: =B7-G7 | D7: =COUNTIFS('Test Cases'!$E:$E,A7,'Test Cases'!$L:$L,"Pass") | E7: =COUNTIFS('Test Cases'!$E:$E,A7,'Test Cases'!$L:$L,"Fail") | F7: =COUNTIFS('Test Cases'!$E:$E,A7,'Test Cases'!$L:$L,"Blocked") | G7: =COUNTIFS('Test Cases'!$E:$E,A7,'Test Cases'!$L:$L,"Not Run") | H7: =IF(C7=0,"",D7/C7)
A8: Flow: Sample - Notify on new item | B8: =COUNTIF('Test Cases'!$E:$E,A8) | C8: =B8-G8 | D8: =COUNTIFS('Test Cases'!$E:$E,A8,'Test Cases'!$L:$L,"Pass") | E8: =COUNTIFS('Test Cases'!$E:$E,A8,'Test Cases'!$L:$L,"Fail") | F8: =COUNTIFS('Test Cases'!$E:$E,A8,'Test Cases'!$L:$L,"Blocked") | G8: =COUNTIFS('Test Cases'!$E:$E,A8,'Test Cases'!$L:$L,"Not Run") | H8: =IF(C8=0,"",D8/C8)
A9: All | B9: =COUNTIF('Test Cases'!$E:$E,A9) | C9: =B9-G9 | D9: =COUNTIFS('Test Cases'!$E:$E,A9,'Test Cases'!$L:$L,"Pass") | E9: =COUNTIFS('Test Cases'!$E:$E,A9,'Test Cases'!$L:$L,"Fail") | F9: =COUNTIFS('Test Cases'!$E:$E,A9,'Test Cases'!$L:$L,"Blocked") | G9: =COUNTIFS('Test Cases'!$E:$E,A9,'Test Cases'!$L:$L,"Not Run") | H9: =IF(C9=0,"",D9/C9)
A10: Every screen that shows list data | B10: =COUNTIF('Test Cases'!$E:$E,A10) | C10: =B10-G10 | D10: =COUNTIFS('Test Cases'!$E:$E,A10,'Test Cases'!$L:$L,"Pass") | E10: =COUNTIFS('Test Cases'!$E:$E,A10,'Test Cases'!$L:$L,"Fail") | F10: =COUNTIFS('Test Cases'!$E:$E,A10,'Test Cases'!$L:$L,"Blocked") | G10: =COUNTIFS('Test Cases'!$E:$E,A10,'Test Cases'!$L:$L,"Not Run") | H10: =IF(C10=0,"",D10/C10)
A11: Every list | B11: =COUNTIF('Test Cases'!$E:$E,A11) | C11: =B11-G11 | D11: =COUNTIFS('Test Cases'!$E:$E,A11,'Test Cases'!$L:$L,"Pass") | E11: =COUNTIFS('Test Cases'!$E:$E,A11,'Test Cases'!$L:$L,"Fail") | F11: =COUNTIFS('Test Cases'!$E:$E,A11,'Test Cases'!$L:$L,"Blocked") | G11: =COUNTIFS('Test Cases'!$E:$E,A11,'Test Cases'!$L:$L,"Not Run") | H11: =IF(C11=0,"",D11/C11)
A12: Total | B12: =SUM(B4:B11) | C12: =SUM(C4:C11) | D12: =SUM(D4:D11) | E12: =SUM(E4:E11) | F12: =SUM(F4:F11) | G12: =SUM(G4:G11) | H12: =IF(C12=0,"",D12/C12)
A15: Acceptance criteria by status
A17: Status | B17: Count
A18: Candidate | B18: =COUNTIF('Acceptance Criteria'!$N:$N,A18)
A19: Draft | B19: =COUNTIF('Acceptance Criteria'!$N:$N,A19)
A20: In Review | B20: =COUNTIF('Acceptance Criteria'!$N:$N,A20)
A21: Approved | B21: =COUNTIF('Acceptance Criteria'!$N:$N,A21)
A22: Changed | B22: =COUNTIF('Acceptance Criteria'!$N:$N,A22)
A23: On Hold | B23: =COUNTIF('Acceptance Criteria'!$N:$N,A23)
A24: Out of Scope | B24: =COUNTIF('Acceptance Criteria'!$N:$N,A24)
A26: Live criteria with no test case | B26: =SUMPRODUCT(('Acceptance Criteria'!$A$2:$A$1000<>"")*((('Acceptance Criteria'!$N$2:$N$1000="Approved")+('Acceptance Criteria'!$N$2:$N$1000="Changed"))>0)*(COUNTIF('Test Cases'!$B$2:$B$1000,'Acceptance Criteria'!$A$2:$A$1000)=0))
A27: Run `uv run tools/ac_workbook.py check` for the list.

Sheet References
A1: Artefact | B1: Location | C1: Notes
A2: BRD | B2: inputs/brd/Contoso_SiteRequests_BRD_v2.xlsx | C2: Signed-off version.
A3: PO walkthrough | B3: inputs/transcripts/2026-10-16-po-walkthrough.vtt
A4: Accepted design | B4: inputs/design/ | C4: v2 PNGs, accepted 2026-10-17.
A5: Brand guidelines | B5: inputs/branding/Contoso_Brand_2026.pdf
